{"max": [0.551515, 0.890588, 1.86876], "centroid": [0.3405411028938909, 0.26876592990353715, 1.6514730868167204], "id": "b24ed89d85b74771216fff6094e6695c", "numVertices": 311, "min": [0.113365, 0.0, 1.43061]}
